transaction_id,account_id,transaction_date,amount,transaction_type,channel
1,71,17-06-2025,3044.6,Credit,ATM
2,248,12-08-2025,1665,Debit,UPI
3,102,23-09-2025,4697.98,Debit,Online
4,43,11-10-2025,3194.57,Debit,Branch
5,83,12-12-2022,9756.2,Credit,Branch
6,402,18-07-2025,5198.3,Credit,Branch
7,275,22-04-2024,2493.2,Credit,Branch
8,375,18-02-2024,4551,Credit,ATM
9,231,13-05-2025,600.99,Debit,UPI
10,120,30-05-2021,2557.88,Credit,Branch
11,31,29-03-2025,9344.14,Debit,Online
12,150,17-07-2023,7654.9,Debit,UPI
13,7,06-08-2024,5037.72,Debit,UPI
14,183,04-06-2025,329.45,Debit,UPI
15,40,03-09-2023,9670.2,Credit,Branch
16,391,22-05-2023,581.72,Debit,UPI
17,164,08-01-2023,6015.44,Debit,Branch
18,243,02-06-2025,5413.24,Credit,UPI
19,287,01-04-2022,1425.96,Debit,Branch
20,366,04-10-2025,7662.18,Debit,ATM
21,238,13-02-2022,4065.76,Credit,Branch
22,292,27-02-2025,5576.91,Credit,UPI
23,223,04-08-2025,5092.13,Debit,ATM
24,7,15-09-2024,1373.77,Credit,UPI
25,205,08-09-2022,3794.66,Debit,Branch
26,339,29-05-2024,7574.16,Credit,UPI
27,118,25-09-2024,5050.77,Credit,ATM
28,223,02-10-2025,1456.66,Debit,UPI
29,23,12-10-2025,5241.39,Credit,Online
30,385,06-01-2025,3346.86,Debit,Online
31,144,12-12-2024,3990.25,Debit,Branch
32,238,17-12-2023,5122.42,Debit,Branch
33,362,27-07-2024,4801.44,Credit,Branch
34,260,18-07-2025,3379.27,Credit,UPI
35,303,25-11-2024,5878.65,Credit,UPI
36,112,24-06-2023,2728.75,Credit,ATM
37,170,25-07-2025,5876.88,Credit,UPI
38,400,13-09-2025,1562.98,Credit,ATM
39,232,16-06-2024,5768.45,Credit,Online
40,94,10-10-2025,287.48,Debit,UPI
41,221,12-10-2025,1599.17,Credit,UPI
42,360,23-04-2025,5068.01,Debit,ATM
43,58,28-11-2022,7087.17,Credit,Branch
44,62,18-04-2025,9981.42,Debit,UPI
45,229,26-02-2025,3206.15,Credit,UPI
46,155,01-10-2025,9130.03,Debit,Branch
47,233,06-10-2025,6791.1,Debit,UPI
48,235,14-09-2025,2003.42,Credit,Branch
49,326,03-09-2025,5625.06,Credit,Branch
50,81,20-03-2025,7734.63,Credit,UPI
51,25,16-05-2025,3238.7,Debit,Branch
52,22,01-12-2023,2949.11,Debit,UPI
53,35,24-02-2025,8201.94,Credit,Branch
54,280,07-08-2024,516.46,Credit,Branch
55,243,28-06-2025,9247.7,Debit,UPI
56,171,04-04-2025,2218.47,Debit,Branch
57,64,24-11-2023,1459,Credit,Online
58,247,02-06-2025,602.58,Credit,Online
59,155,01-10-2025,619.66,Debit,Branch
60,199,29-09-2025,7201.84,Credit,Online
61,151,18-02-2025,151.3,Credit,UPI
62,348,03-01-2023,6563.64,Debit,UPI
63,32,11-04-2025,6540.33,Debit,Branch
64,174,07-06-2025,2925.61,Credit,ATM
65,315,23-07-2025,6557.76,Credit,ATM
66,350,07-10-2025,9140.97,Credit,UPI
67,199,20-09-2025,8834.23,Credit,ATM
68,333,05-06-2025,9972,Debit,UPI
69,304,10-06-2025,1944.49,Debit,ATM
70,244,16-06-2025,191.74,Credit,Branch
71,122,16-07-2025,2917.16,Debit,Online
72,282,18-06-2025,8525.49,Debit,Branch
73,38,17-12-2022,2008.83,Credit,Branch
74,244,01-10-2025,1708.69,Debit,Branch
75,28,11-07-2023,7214.12,Credit,Branch
76,196,02-08-2023,7928.6,Credit,Online
77,100,13-04-2025,6148.45,Debit,UPI
78,173,06-09-2017,5201.28,Credit,UPI
79,110,05-03-2025,6725.63,Credit,Online
80,80,19-07-2025,4826.8,Credit,ATM
81,230,25-04-2025,2681.77,Credit,UPI
82,121,18-06-2025,7562.19,Debit,Branch
83,46,01-10-2025,5866.36,Credit,Branch
84,68,16-11-2024,6571.47,Credit,ATM
85,399,29-07-2025,6711.08,Debit,Branch
86,165,06-06-2020,1681.2,Debit,ATM
87,257,27-07-2024,6423.24,Debit,Branch
88,84,01-07-2025,6184.79,Credit,Online
89,205,21-09-2025,4834,Debit,Branch
90,291,02-09-2025,4216.87,Debit,Online
91,38,24-04-2023,7642.41,Credit,UPI
92,15,16-07-2022,5328.91,Debit,ATM
93,321,06-07-2021,9180.72,Credit,ATM
94,306,03-07-2025,8304.86,Credit,Online
95,322,25-09-2022,1728.92,Debit,ATM
96,223,14-08-2025,6834.92,Debit,ATM
97,360,31-05-2025,8999,Debit,ATM
98,143,21-09-2025,4588.98,Debit,UPI
99,252,08-07-2024,5682.72,Debit,Branch
100,376,24-08-2022,7260.47,Debit,Branch
101,40,01-08-2021,8182.89,Credit,ATM
102,357,13-09-2025,548.37,Debit,ATM
103,290,20-02-2025,5457.52,Credit,ATM
104,146,27-09-2025,9862.76,Debit,ATM
105,5,21-05-2024,2942.2,Credit,Online
106,253,17-09-2025,7681.69,Debit,Branch
107,110,21-04-2025,9929.28,Debit,UPI
108,277,21-07-2025,8709.24,Debit,UPI
109,291,18-09-2025,894.47,Credit,Branch
110,276,08-06-2024,1274.47,Debit,Online
111,340,06-09-2025,7305.8,Credit,ATM
112,19,07-10-2025,7586.18,Debit,UPI
113,96,15-09-2025,6767.65,Debit,UPI
114,380,06-07-2024,8251.27,Credit,UPI
115,94,12-10-2025,3526.98,Debit,Online
116,399,05-09-2025,9380.36,Credit,ATM
117,7,01-02-2024,8113.83,Debit,ATM
118,163,02-07-2023,2482.6,Credit,ATM
119,404,19-06-2020,5980.05,Debit,ATM
120,163,15-03-2025,2522.87,Credit,UPI
121,135,02-08-2024,4445.73,Credit,ATM
122,202,14-06-2025,1487.34,Debit,Online
123,372,25-07-2021,8176.28,Debit,Branch
124,9,06-08-2025,2445.35,Credit,Online
125,41,31-05-2025,4194.25,Debit,ATM
126,378,04-07-2025,5611.51,Credit,UPI
127,231,25-05-2024,5602.92,Credit,Branch
128,332,18-02-2025,9421.71,Debit,Branch
129,227,21-07-2023,6993.45,Debit,Online
130,226,19-06-2023,3068.9,Credit,UPI
131,290,06-07-2024,2485.59,Credit,Branch
132,336,20-01-2025,8589.66,Credit,UPI
133,246,27-08-2024,9155.94,Debit,UPI
134,366,21-06-2025,5617.14,Credit,UPI
135,158,01-10-2025,2504.3,Credit,Branch
136,28,30-04-2025,6502.39,Debit,Branch
137,378,13-03-2024,1015.39,Credit,ATM
138,345,10-10-2025,2757.77,Credit,ATM
139,271,26-05-2022,1962.82,Credit,UPI
140,26,26-10-2022,2168,Debit,Branch
141,145,21-11-2024,9574.5,Credit,Online
142,237,23-07-2025,9377.88,Credit,UPI
143,94,28-09-2025,9152.97,Credit,UPI
144,395,22-09-2024,9159.75,Debit,Branch
145,308,12-10-2024,3868.55,Debit,Branch
146,174,07-06-2024,2689.46,Debit,UPI
147,281,08-02-2025,1076.22,Debit,Branch
148,117,04-12-2024,9151.87,Debit,Branch
149,281,29-03-2025,4197.91,Credit,Online
150,254,28-02-2025,260.58,Debit,Branch
151,403,01-04-2023,1608.87,Debit,Online
152,156,20-02-2025,3860.41,Credit,UPI
153,371,13-01-2025,5551.36,Debit,Branch
154,43,02-10-2025,7657.27,Debit,UPI
155,321,05-03-2023,4662.21,Debit,Online
156,370,24-09-2025,1485.59,Debit,Online
157,20,10-04-2023,9177.3,Credit,ATM
158,155,05-10-2025,8406.78,Credit,ATM
159,220,27-08-2025,7666.95,Debit,Online
160,306,02-04-2024,8441.19,Credit,ATM
161,114,19-07-2025,7100.98,Credit,Online
162,249,23-02-2024,5106.76,Debit,ATM
163,111,17-12-2024,6216.57,Debit,UPI
164,42,26-10-2024,255.74,Debit,ATM
165,127,14-09-2025,265.59,Debit,Branch
166,125,10-04-2024,269.71,Debit,Online
167,324,19-10-2022,1159.46,Credit,Online
168,112,19-04-2025,2485.59,Debit,Branch
169,236,09-04-2025,2746.51,Debit,ATM
170,252,03-05-2025,3793.21,Debit,UPI
171,16,16-02-2023,5693.52,Credit,Branch
172,235,17-09-2025,6872.01,Credit,ATM
173,178,09-10-2025,1025.66,Debit,UPI
174,281,11-05-2025,5571.74,Credit,ATM
175,225,03-07-2024,7058.17,Credit,UPI
176,299,24-08-2025,8468.76,Debit,ATM
177,17,21-03-2023,8958.43,Credit,Online
178,202,19-05-2025,2193.03,Debit,Branch
179,396,02-07-2025,560.96,Credit,Branch
180,122,09-09-2025,9003.19,Credit,Online
181,331,18-11-2024,9294.79,Debit,ATM
182,219,18-12-2023,9618.54,Credit,UPI
183,308,05-12-2022,9295.86,Debit,Online
184,99,27-06-2025,5683.19,Debit,Branch
185,397,21-06-2025,3900.08,Credit,ATM
186,64,23-03-2024,5057.85,Debit,ATM
187,50,12-10-2024,1067.09,Credit,ATM
188,326,11-10-2025,3471.87,Debit,Branch
189,277,09-08-2025,393.29,Debit,UPI
190,206,06-05-2025,4956.97,Debit,UPI
191,141,04-01-2023,4375.29,Debit,ATM
192,106,25-04-2025,7744.46,Debit,Online
193,39,25-01-2021,7159.77,Credit,Branch
194,322,30-10-2022,1626.79,Credit,UPI
195,169,10-09-2025,3235.11,Credit,ATM
196,268,05-03-2025,151.43,Debit,UPI
197,306,19-12-2022,3663.18,Debit,ATM
198,94,02-10-2025,1411.82,Credit,UPI
199,223,25-08-2025,4543.55,Debit,ATM
200,368,11-09-2024,359.99,Debit,ATM
201,378,17-11-2022,6009.55,Debit,UPI
202,122,30-04-2025,222.17,Debit,UPI
203,314,30-09-2025,7813.77,Credit,Online
204,16,23-12-2023,6884.63,Credit,Online
205,70,25-04-2021,2762.3,Debit,UPI
206,117,20-11-2024,1544.75,Credit,UPI
207,405,29-04-2025,2832.02,Debit,UPI
208,334,28-01-2025,7848.4,Debit,Branch
209,90,03-10-2023,9447.8,Debit,Online
210,222,28-09-2025,4632.83,Credit,Branch
211,33,26-05-2025,167,Debit,Branch
212,157,27-09-2025,8431.97,Debit,Branch
213,178,08-10-2025,4458.21,Debit,Online
214,264,26-08-2023,3074.31,Credit,UPI
215,78,01-04-2025,3210.41,Debit,Branch
216,115,19-07-2025,2985.34,Debit,Online
217,149,25-04-2025,3326.27,Debit,UPI
218,224,10-10-2025,3713.65,Credit,Online
219,334,01-10-2024,6848.96,Credit,UPI
220,196,28-07-2021,9435.45,Credit,UPI
221,270,12-09-2025,7997.09,Credit,UPI
222,320,27-09-2025,6762.48,Credit,Branch
223,225,01-03-2025,2496.01,Credit,UPI
224,194,22-07-2025,7911.86,Credit,UPI
225,85,16-09-2025,9907.94,Debit,UPI
226,86,06-11-2023,5390.24,Debit,ATM
227,157,22-08-2025,7928.14,Debit,ATM
228,365,10-03-2025,1182.76,Credit,Branch
229,16,01-04-2024,1746.75,Credit,UPI
230,394,22-02-2025,9671.43,Debit,UPI
231,395,01-11-2021,1148.85,Credit,Branch
232,312,01-08-2025,2297.81,Credit,UPI
233,350,28-09-2025,3803.78,Debit,Online
234,176,25-05-2024,3515.18,Credit,UPI
235,266,14-05-2025,1135.04,Debit,ATM
236,67,21-11-2023,1249.09,Credit,Branch
237,95,30-01-2025,3187.71,Debit,Online
238,322,29-05-2023,5259.04,Debit,UPI
239,205,25-02-2022,1066.47,Debit,Branch
240,392,09-09-2024,765.03,Credit,ATM
241,59,17-07-2024,323.59,Debit,ATM
242,5,17-04-2025,6803.68,Credit,Online
243,293,28-09-2025,5208.34,Credit,Branch
244,312,29-06-2025,5642.5,Debit,Online
245,2,10-06-2022,7997.78,Credit,Online
246,178,11-10-2025,6440.74,Debit,UPI
247,403,12-07-2022,389,Credit,UPI
248,119,21-03-2021,5962.81,Debit,ATM
249,322,30-11-2020,7076.88,Credit,Branch
250,52,09-05-2021,7548.02,Credit,ATM
251,217,10-09-2025,8015.07,Credit,Branch
252,152,31-08-2025,3327.25,Debit,ATM
253,318,11-01-2025,2697.3,Debit,Branch
254,70,29-08-2020,6010.01,Debit,ATM
255,308,09-11-2023,3544.45,Debit,Online
256,41,27-03-2024,8156.01,Debit,ATM
257,259,24-07-2025,6753.89,Debit,ATM
258,325,16-05-2022,2461.87,Credit,Online
259,6,09-08-2025,3795.73,Credit,UPI
260,143,11-08-2025,4240.57,Credit,UPI
261,108,09-12-2022,4288.08,Debit,Online
262,79,21-06-2025,5593.63,Debit,Branch
263,261,12-02-2022,1488.94,Debit,UPI
264,147,05-08-2025,6232.16,Debit,ATM
265,264,06-08-2021,4897.63,Credit,UPI
266,37,05-10-2025,9641.91,Debit,UPI
267,362,23-09-2023,6878.5,Debit,UPI
268,15,22-12-2024,4938.13,Credit,ATM
269,308,14-09-2025,7979.22,Credit,Branch
270,69,19-09-2024,423.68,Credit,Branch
271,357,25-09-2025,1765.27,Debit,UPI
272,3,21-02-2025,5542.29,Credit,ATM
273,146,27-09-2025,2752.1,Debit,ATM
274,369,03-01-2025,7624.04,Debit,Online
275,332,05-01-2025,9898.78,Credit,Online
276,304,19-08-2025,3047.32,Credit,UPI
277,65,05-10-2025,2701.87,Credit,UPI
278,98,11-10-2025,8666.38,Credit,Online
279,35,03-04-2025,2177.79,Debit,UPI
280,278,18-09-2025,1743.22,Credit,Online
281,181,18-01-2025,8153.95,Credit,Branch
282,30,06-08-2025,5369.58,Credit,Branch
283,106,19-07-2025,9792.1,Debit,Branch
284,166,19-06-2021,5770.08,Credit,Online
285,404,08-01-2025,9631.44,Debit,ATM
286,218,16-02-2025,9925.61,Credit,Online
287,155,06-10-2025,2571.8,Debit,Online
288,350,04-08-2025,7638.59,Debit,UPI
289,387,22-02-2025,1507.5,Debit,UPI
290,11,29-03-2022,3814.21,Credit,ATM
291,207,26-04-2025,4088.22,Debit,Branch
292,315,18-05-2024,4601.49,Debit,Branch
293,197,25-04-2025,5861.36,Credit,UPI
294,370,20-08-2025,6384.92,Debit,ATM
295,337,03-02-2025,7977.21,Debit,Online
296,218,31-12-2023,9684.47,Credit,UPI
297,197,19-06-2025,2758.51,Debit,Branch
298,113,06-03-2022,5518.37,Credit,UPI
299,321,22-05-2020,7904.21,Credit,ATM
300,30,02-03-2025,1085.79,Debit,ATM
301,87,06-08-2025,1329.95,Credit,UPI
302,281,21-02-2025,4619.53,Debit,Online
303,141,31-03-2023,9957.37,Credit,Branch
304,288,25-03-2021,1673.88,Debit,ATM
305,332,09-10-2025,6580.42,Debit,ATM
306,270,05-10-2025,3781.25,Credit,ATM
307,243,19-07-2025,4023.78,Debit,Online
308,160,26-07-2024,4349.39,Credit,ATM
309,297,10-03-2024,110.75,Debit,ATM
310,55,18-05-2025,1413.73,Credit,UPI
311,331,02-06-2025,191.94,Debit,ATM
312,262,24-01-2025,9882.73,Debit,Online
313,325,03-02-2023,4829.23,Credit,UPI
314,291,03-08-2025,984.38,Credit,ATM
315,152,06-02-2025,3202.18,Debit,Online
316,243,30-05-2025,3888.94,Credit,Online
317,107,17-03-2020,777.27,Credit,Online
318,276,25-10-2024,4456.98,Credit,Online
319,113,30-06-2025,9206.95,Debit,Online
320,340,03-10-2025,958.21,Credit,Online
321,10,16-02-2025,7549.21,Debit,Branch
322,251,28-06-2024,9636.16,Debit,Online
323,5,24-09-2023,2553.09,Credit,Online
324,329,10-08-2025,5578.63,Debit,ATM
325,67,13-09-2025,8494.13,Debit,Online
326,364,19-11-2022,5225.72,Credit,UPI
327,263,20-02-2025,3025.87,Credit,Online
328,183,11-09-2025,4999.39,Credit,Online
329,316,05-10-2025,5045.87,Credit,ATM
330,272,03-04-2025,9870.14,Debit,Online
331,167,08-03-2021,3929.7,Debit,Branch
332,323,30-11-2024,5508.93,Credit,UPI
333,305,15-09-2025,9549.08,Credit,ATM
334,38,25-08-2024,5914.9,Credit,Branch
335,105,28-10-2023,2235.86,Credit,UPI
336,318,03-03-2024,5115.44,Debit,UPI
337,394,04-08-2024,7047.93,Credit,Online
338,376,11-04-2025,2846.93,Debit,ATM
339,235,27-08-2025,5161.92,Credit,Online
340,380,15-02-2024,5410.26,Debit,ATM
341,375,23-01-2025,3170.68,Debit,Online
342,200,13-04-2025,673.27,Credit,UPI
343,370,28-09-2025,1248.27,Credit,Branch
344,148,01-10-2025,6694.19,Credit,ATM
345,204,07-09-2025,225.38,Credit,ATM
346,17,14-03-2021,1721.94,Debit,Branch
347,177,04-05-2021,1752.93,Credit,Branch
348,132,05-12-2024,7356.06,Credit,ATM
349,185,23-11-2023,3416.61,Debit,Branch
350,304,16-06-2025,5286.16,Debit,ATM
351,131,18-08-2023,5011.86,Debit,ATM
352,197,26-09-2024,5046.14,Credit,Branch
353,120,04-01-2024,1657.37,Credit,ATM
354,170,29-06-2025,2361.2,Credit,ATM
355,189,20-08-2023,8601.02,Credit,Online
356,215,03-10-2025,555.22,Debit,UPI
357,337,16-12-2024,9210.24,Credit,ATM
358,57,14-12-2024,5573.36,Debit,Online
359,249,05-12-2023,3285.84,Debit,Branch
360,159,22-01-2025,2785.45,Credit,Branch
361,231,09-04-2025,1282.07,Credit,Online
362,272,30-01-2025,2309.53,Credit,UPI
363,360,04-06-2025,782.37,Debit,Branch
364,104,12-08-2024,7757.92,Debit,Branch
365,377,12-10-2025,955.22,Debit,ATM
366,30,22-12-2022,3752.3,Debit,Branch
367,289,22-08-2025,7421.8,Credit,UPI
368,130,13-07-2025,3745.91,Debit,Online
369,368,10-10-2025,7351.39,Credit,Online
370,96,21-06-2025,163.14,Debit,ATM
371,223,08-08-2025,2406.68,Debit,ATM
372,111,19-08-2024,9514.8,Credit,UPI
373,315,20-09-2025,8505.16,Debit,ATM
374,15,15-07-2023,2131.42,Credit,UPI
375,337,25-04-2025,4971.09,Credit,Online
376,322,09-04-2021,7145.36,Credit,ATM
377,65,26-09-2025,9220.62,Debit,Branch
378,317,21-09-2025,4638.73,Credit,ATM
379,348,23-04-2022,5103.73,Debit,ATM
380,262,07-11-2024,5959.77,Credit,UPI
381,37,16-01-2024,6658.19,Credit,Online
382,174,08-04-2024,2987.59,Debit,UPI
383,105,25-12-2022,7037.18,Debit,Branch
384,195,10-10-2025,4582.3,Credit,ATM
385,44,01-05-2024,9441.19,Credit,ATM
386,278,01-08-2025,1638.56,Credit,UPI
387,82,15-05-2024,4713.95,Debit,ATM
388,89,28-02-2025,5405.65,Credit,UPI
389,344,09-08-2025,3152.25,Debit,ATM
390,8,13-11-2024,995.17,Debit,ATM
391,22,12-04-2025,2228.71,Debit,Online
392,176,14-12-2024,1003.01,Credit,Branch
393,155,02-10-2025,4022.82,Credit,Branch
394,16,07-06-2023,2675.65,Credit,ATM
395,15,01-02-2023,9525.76,Debit,Online
396,81,09-06-2024,1037.78,Credit,Online
397,170,21-09-2025,1302.39,Credit,Online
398,123,01-10-2025,1394.08,Debit,Branch
399,398,08-10-2025,6894.22,Credit,Branch
400,63,26-09-2024,9182.54,Credit,ATM
401,336,05-07-2025,9971.9,Credit,UPI
402,214,01-06-2025,8112.06,Credit,Branch
403,246,21-06-2025,1313.02,Debit,ATM
404,149,26-03-2025,1763.09,Debit,UPI
405,258,22-05-2021,5011.65,Debit,UPI
406,165,22-09-2025,1810.79,Credit,Online
407,237,15-05-2025,2822.32,Debit,Online
408,151,19-10-2024,443.03,Credit,Branch
409,127,01-08-2025,5039.03,Debit,ATM
410,320,03-10-2025,968.44,Debit,Online
411,26,29-03-2021,4250.42,Credit,ATM
412,218,26-07-2021,9895.1,Debit,UPI
413,2,19-04-2024,5490.73,Debit,Branch
414,73,10-09-2024,9135.5,Debit,UPI
415,173,22-05-2025,2777.31,Credit,Branch
416,294,22-09-2022,6011.45,Credit,Branch
417,368,09-07-2024,680.05,Debit,Branch
418,404,04-06-2022,7691.74,Credit,Online
419,92,30-10-2023,1091.33,Credit,Branch
420,34,07-08-2024,5383.53,Credit,Online
421,146,27-09-2025,5799.35,Debit,Branch
422,171,12-07-2025,9358.54,Credit,Online
423,20,11-07-2024,2441.86,Debit,Branch
424,39,28-07-2022,9148.4,Credit,Branch
425,76,25-11-2023,9480.83,Credit,Online
426,255,25-08-2024,8383.3,Debit,Branch
427,214,10-10-2025,1838.01,Credit,ATM
428,329,28-09-2025,656.06,Credit,ATM
429,164,20-11-2021,5311.84,Credit,Branch
430,14,23-06-2023,9187.17,Credit,Online
431,237,23-02-2025,3473.51,Credit,Branch
432,324,12-08-2024,689.6,Credit,Online
433,201,13-09-2025,7766.23,Debit,ATM
434,33,27-06-2025,3798.55,Debit,ATM
435,325,30-03-2023,3431.95,Debit,Online
436,35,03-07-2024,9761.02,Debit,UPI
437,92,25-09-2023,6526.88,Credit,Branch
438,359,12-10-2025,2310.05,Credit,UPI
439,20,09-03-2024,3137.55,Debit,Online
440,228,16-04-2025,1859.31,Credit,UPI
441,231,04-10-2024,8522.49,Credit,Online
442,228,24-01-2023,6063.65,Credit,ATM
443,44,16-09-2024,9373.21,Credit,Branch
444,331,17-05-2025,7478.9,Credit,Branch
445,384,20-02-2025,9825.56,Credit,ATM
446,63,05-06-2025,8234.45,Debit,UPI
447,138,22-02-2025,212.82,Credit,Online
448,156,03-02-2025,6962.44,Debit,Branch
449,55,09-09-2025,7891.5,Credit,ATM
450,332,01-01-2025,3920.78,Debit,Online
451,211,28-05-2025,8857.06,Debit,UPI
452,232,11-04-2024,3577.19,Debit,ATM
453,284,24-09-2025,8305.19,Credit,Online
454,76,06-02-2025,4567.75,Credit,Branch
455,147,08-06-2025,298.77,Debit,ATM
456,224,31-08-2025,834.58,Credit,UPI
457,281,13-08-2025,1692.95,Credit,ATM
458,29,09-06-2025,3445.71,Debit,ATM
459,285,04-04-2025,4370.1,Credit,UPI
460,153,20-11-2023,1655.33,Credit,Branch
461,400,16-09-2025,2134.95,Credit,UPI
462,213,05-02-2023,7002.25,Debit,Branch
463,404,07-06-2020,3044.27,Credit,ATM
464,93,09-10-2025,3989.73,Debit,Online
465,329,23-09-2025,639.6,Credit,UPI
466,118,16-01-2025,967.52,Debit,Online
467,105,05-12-2024,1060.17,Credit,Online
468,352,30-03-2025,6418.09,Credit,UPI
469,290,07-07-2024,8453.31,Debit,UPI
470,226,10-09-2024,4762.35,Debit,ATM
471,62,21-07-2025,6454.48,Debit,Online
472,116,06-03-2024,3773.1,Debit,Branch
473,194,28-04-2025,1947.17,Credit,Branch
474,226,22-11-2019,4453.43,Debit,Online
475,192,21-04-2025,8387.08,Credit,Online
476,233,04-10-2025,7547.13,Credit,ATM
477,187,16-05-2025,6714.6,Debit,Online
478,368,01-10-2024,5580.66,Debit,UPI
479,383,27-08-2025,9659.71,Debit,Online
480,324,09-01-2024,4815,Credit,UPI
481,70,27-09-2023,9037.49,Credit,Online
482,103,22-05-2024,1290.79,Debit,Online
483,149,14-07-2025,9495.71,Credit,Online
484,276,22-10-2024,8103.76,Credit,ATM
485,57,16-07-2025,4291.41,Debit,Online
486,221,09-10-2025,9972.97,Credit,Branch
487,299,08-10-2025,3265.52,Credit,ATM
488,88,11-03-2023,3942.18,Debit,Branch
489,225,02-07-2025,8580.58,Debit,ATM
490,158,26-08-2025,7886.85,Debit,ATM
491,229,02-05-2023,4202.98,Credit,ATM
492,268,09-06-2025,9256.79,Credit,Branch
493,359,11-10-2025,8688.01,Debit,UPI
494,337,31-05-2025,2714.95,Debit,UPI
495,358,23-08-2025,470.91,Debit,UPI
496,9,03-08-2023,1524.14,Debit,ATM
497,367,02-10-2025,4018.35,Debit,Online
498,319,20-09-2025,587.98,Debit,Branch
499,246,05-04-2025,8980.61,Credit,Branch
500,341,25-05-2025,8192.12,Debit,Branch
501,252,05-04-2025,2875.43,Debit,ATM
502,346,13-10-2024,9727.72,Credit,Online
503,174,02-05-2025,3074.76,Debit,Branch
504,390,10-06-2025,2767.26,Debit,ATM
505,256,22-10-2023,1960.56,Credit,UPI
506,117,17-12-2023,7435.35,Debit,ATM
507,129,28-04-2025,5201.17,Credit,ATM
508,342,27-11-2024,3180.12,Debit,Online
509,95,15-05-2024,7827.11,Credit,Online
510,16,03-08-2024,2008.36,Credit,ATM
511,395,17-02-2023,2569.95,Debit,ATM
512,306,28-03-2025,9188.51,Credit,Branch
513,196,08-10-2024,3746.68,Debit,UPI
514,348,12-01-2024,6390.56,Credit,ATM
515,109,12-10-2025,2495.19,Debit,UPI
516,113,16-02-2022,1858.08,Debit,Branch
517,388,29-11-2024,3508.07,Debit,ATM
518,366,11-09-2025,2922.19,Debit,ATM
519,85,12-09-2025,1712.78,Credit,Online
520,383,24-09-2025,6509.06,Credit,Branch
521,173,04-05-2021,6550.71,Credit,ATM
522,305,11-09-2025,4793.56,Credit,Online
523,56,23-07-2025,6051.31,Credit,Online
524,149,17-03-2025,2598.67,Debit,Branch
525,114,04-10-2025,4295.69,Debit,Branch
526,94,02-10-2025,4644.08,Credit,UPI
527,110,23-04-2025,3091.24,Debit,ATM
528,308,28-07-2022,172.74,Debit,Branch
529,316,07-10-2025,3054.91,Credit,UPI
530,106,27-03-2025,731.99,Debit,Branch
531,172,14-08-2025,8628.77,Debit,Branch
532,1,23-10-2023,1964.76,Credit,ATM
533,180,20-09-2024,8073.76,Debit,Branch
534,180,12-04-2024,6839.48,Credit,UPI
535,381,13-11-2022,9974.94,Debit,UPI
536,164,06-02-2021,4105.53,Credit,Online
537,262,18-09-2023,3497.35,Credit,UPI
538,390,19-05-2024,9074.61,Debit,Branch
539,3,17-08-2024,8469.65,Credit,Branch
540,40,29-04-2025,1066.27,Credit,Branch
541,190,05-06-2025,7279.35,Credit,Branch
542,191,08-09-2025,6578.9,Credit,Branch
543,290,19-05-2024,2310.95,Debit,UPI
544,260,09-07-2025,7902.1,Debit,Branch
545,311,01-09-2025,2679.54,Debit,UPI
546,292,16-06-2025,8527.02,Debit,ATM
547,141,09-08-2022,8677.29,Credit,UPI
548,275,20-08-2025,8905.32,Credit,UPI
549,42,22-08-2024,5345.4,Debit,ATM
550,341,23-11-2024,8721.41,Credit,Online
551,21,23-05-2025,9924.24,Debit,UPI
552,207,20-07-2025,9873.2,Debit,Online
553,330,05-11-2024,3232.2,Credit,ATM
554,177,13-07-2025,4927.05,Credit,Branch
555,393,06-10-2025,6381.54,Credit,UPI
556,78,12-10-2025,2807.93,Credit,Online
557,404,27-12-2023,4946.81,Credit,Online
558,300,11-09-2025,6183.35,Debit,UPI
559,30,08-01-2023,4347.35,Debit,UPI
560,171,03-09-2025,146.22,Credit,Branch
561,332,05-10-2025,9505.68,Debit,Online
562,236,28-07-2025,277.37,Credit,Online
563,264,14-09-2021,2340.03,Debit,Branch
564,146,02-10-2025,1376.41,Debit,Branch
565,136,26-02-2024,1753.5,Credit,Branch
566,120,25-08-2021,9489.79,Debit,Branch
567,163,26-07-2024,4393.29,Credit,Branch
568,381,23-06-2022,9961.78,Debit,Branch
569,219,11-11-2024,7526.14,Credit,UPI
570,255,11-11-2023,289.33,Credit,Online
571,314,17-04-2025,2190.78,Credit,Online
572,90,01-09-2023,1319.3,Credit,UPI
573,202,25-07-2025,8777.79,Debit,ATM
574,27,02-12-2021,5979.85,Credit,ATM
575,10,02-10-2025,6570.32,Credit,ATM
576,226,02-05-2020,6928.52,Debit,UPI
577,220,10-01-2025,3864.51,Debit,UPI
578,183,20-06-2025,7048.5,Credit,ATM
579,291,01-10-2025,3081.05,Credit,Branch
580,343,02-06-2025,6265.7,Credit,UPI
581,55,10-07-2025,8323.46,Credit,ATM
582,267,26-02-2025,2898.8,Credit,UPI
583,289,06-09-2025,2066.6,Credit,Branch
584,275,03-07-2025,8331.84,Credit,Branch
585,169,10-10-2025,7064.02,Debit,Online
586,88,06-04-2023,490.12,Debit,Online
587,189,13-10-2024,6913.22,Debit,Branch
588,376,10-12-2023,2421.6,Credit,ATM
589,287,28-10-2021,9078.11,Debit,Online
590,68,25-06-2025,9499.52,Credit,ATM
591,99,18-03-2025,9057.32,Credit,UPI
592,342,02-07-2025,9887.79,Debit,Branch
593,108,18-02-2022,4696.35,Credit,Online
594,186,15-10-2023,8753.99,Debit,Branch
595,181,08-07-2018,8035.8,Debit,UPI
596,53,15-10-2023,7411.55,Credit,ATM
597,398,07-10-2025,195.76,Credit,Online
598,390,17-09-2023,3353.74,Debit,Branch
599,97,10-07-2024,8796.91,Credit,Branch
600,90,11-06-2025,8168.15,Credit,ATM
601,263,08-09-2025,4067.7,Debit,Branch
602,155,29-09-2025,8373.51,Debit,UPI
603,250,05-10-2025,6523.58,Credit,ATM
604,35,27-07-2025,1411.86,Credit,Online
605,170,26-09-2025,1126.76,Debit,UPI
606,259,19-02-2024,1894.48,Debit,Branch
607,353,11-10-2025,6152.45,Credit,UPI
608,285,19-10-2024,9211.94,Credit,UPI
609,375,16-05-2024,4462.81,Credit,Branch
610,214,03-10-2025,6584.24,Credit,Online
611,243,03-06-2025,9781.17,Debit,ATM
612,276,06-10-2025,4385.19,Credit,UPI
613,266,03-05-2025,3522.92,Debit,Online
614,180,20-07-2023,8406.43,Credit,ATM
615,112,23-02-2023,6469.65,Credit,UPI
616,312,05-08-2025,8533.52,Credit,ATM
617,230,17-02-2025,7539.16,Debit,Online
618,165,24-06-2023,3375.86,Debit,ATM
619,356,27-09-2025,5118.6,Debit,UPI
620,268,03-06-2025,8189.32,Credit,UPI
621,252,16-09-2024,4497.47,Debit,ATM
622,69,09-02-2025,8580.23,Debit,Branch
623,115,12-07-2024,1275.2,Debit,ATM
624,50,17-12-2024,1116.17,Debit,ATM
625,199,09-09-2025,5615.6,Credit,ATM
626,162,04-12-2023,7938.65,Debit,Online
627,144,03-06-2024,6580.5,Debit,Branch
628,302,31-10-2024,3697.09,Credit,Online
629,79,30-03-2025,8458.74,Debit,UPI
630,405,05-02-2025,7194.91,Debit,UPI
631,294,24-01-2025,1228.83,Credit,ATM
632,118,30-08-2024,3479.44,Debit,Branch
633,16,03-05-2023,7050.75,Credit,Online
634,37,09-07-2024,4974.98,Debit,ATM
635,86,19-04-2024,2617.46,Credit,Online
636,188,08-03-2024,1295.38,Debit,Online
637,173,15-12-2024,4624.76,Credit,Branch
638,285,12-12-2024,1166.88,Debit,ATM
639,73,07-08-2025,9273.6,Credit,UPI
640,254,22-08-2023,4628.14,Credit,UPI
641,167,31-07-2023,142.94,Credit,UPI
642,7,02-08-2023,8404.28,Debit,Online
643,145,28-12-2022,6949,Credit,Online
644,190,26-08-2024,1125.18,Debit,UPI
645,102,26-09-2025,4244.78,Credit,Branch
646,85,05-09-2025,4038.91,Debit,Branch
647,291,30-09-2025,4583.17,Credit,Online
648,206,07-11-2023,4186.18,Debit,Branch
649,38,20-06-2023,7147.56,Credit,Online
650,137,21-04-2025,2176.16,Debit,Branch
651,200,17-12-2023,9219.8,Credit,Online
652,76,23-10-2023,5088.55,Debit,ATM
653,203,01-02-2024,7631.67,Debit,UPI
654,298,25-09-2025,6775.01,Debit,UPI
655,300,15-03-2025,8102.22,Credit,ATM
656,263,12-10-2025,3870.62,Credit,ATM
657,327,04-09-2024,2079.03,Credit,Branch
658,72,16-02-2025,6865.56,Credit,ATM
659,190,28-10-2024,6936.89,Debit,Online
660,172,05-09-2025,7560.58,Credit,Branch
661,211,11-08-2025,8158.86,Credit,Online
662,242,12-03-2024,7449.89,Debit,Online
663,349,30-09-2024,5158.13,Debit,ATM
664,88,26-06-2025,9272.2,Debit,UPI
665,25,20-02-2023,9571.35,Debit,ATM
666,303,19-06-2025,228.36,Debit,Online
667,272,12-10-2025,6243.56,Debit,Online
668,306,13-05-2022,9123.72,Debit,Online
669,190,29-10-2024,7783.85,Credit,Branch
670,71,22-02-2025,4543.27,Credit,Online
671,369,01-06-2024,9628.5,Credit,UPI
672,124,04-09-2025,502.28,Debit,Branch
673,194,04-11-2024,1387.66,Debit,ATM
674,118,28-09-2024,3372.57,Credit,ATM
675,243,29-08-2025,1621.66,Debit,ATM
676,234,19-09-2025,7759.24,Debit,UPI
677,50,18-07-2025,7920.09,Debit,ATM
678,209,27-03-2022,7861.91,Debit,Online
679,391,02-07-2024,9574.18,Credit,Online
680,376,16-03-2023,4217.72,Debit,ATM
681,361,10-02-2025,3559.09,Credit,Branch
682,376,03-10-2024,3377.56,Debit,Online
683,360,01-03-2025,9508.05,Debit,ATM
684,358,25-04-2025,1235.75,Debit,UPI
685,321,07-10-2020,2479.44,Credit,ATM
686,85,03-10-2025,6857.26,Debit,UPI
687,30,31-12-2022,9167.73,Credit,UPI
688,340,08-08-2025,2640.25,Debit,ATM
689,31,10-07-2025,9122.23,Debit,UPI
690,328,11-09-2023,4919.37,Debit,Online
691,94,12-10-2025,3271.1,Credit,ATM
692,182,26-09-2025,1757.21,Credit,ATM
693,307,21-06-2020,2186.74,Credit,UPI
694,361,03-08-2024,8373.08,Credit,UPI
695,376,07-04-2024,6500.96,Credit,Online
696,16,22-09-2025,335.15,Debit,ATM
697,386,16-07-2024,966.46,Credit,Online
698,303,18-08-2025,7962.73,Credit,Online
699,137,06-10-2025,9118.77,Debit,UPI
700,216,20-08-2025,4566.14,Debit,UPI
701,15,20-07-2025,3232.4,Debit,ATM
702,249,22-09-2023,5394.86,Credit,ATM
703,162,31-08-2024,7038.73,Credit,Branch
704,26,24-07-2025,9287.67,Credit,Branch
705,293,02-10-2025,7890.23,Debit,ATM
706,147,19-08-2025,2887.02,Debit,UPI
707,89,19-09-2022,4011.62,Credit,UPI
708,142,03-08-2024,1647.6,Credit,Online
709,361,12-09-2024,7492.86,Debit,Online
710,266,09-09-2025,3050.76,Debit,ATM
711,115,15-02-2025,5579.89,Credit,ATM
712,318,19-04-2024,513.55,Debit,ATM
713,225,01-07-2024,3116.44,Debit,Online
714,51,30-07-2025,4185.28,Credit,Online
715,401,29-09-2025,1921.53,Debit,Online
716,357,20-08-2025,1234.76,Credit,UPI
717,360,03-06-2025,6482.28,Credit,Branch
718,231,21-05-2024,6749.68,Debit,ATM
719,346,19-01-2024,2054.43,Debit,Branch
720,178,05-10-2025,3635.67,Credit,ATM
721,306,27-08-2021,2922.86,Credit,Online
722,244,11-06-2025,3246.08,Debit,Branch
723,309,19-03-2024,6201.79,Debit,Online
724,332,26-06-2025,5698.96,Debit,Branch
725,188,23-04-2025,9590.72,Credit,ATM
726,137,21-01-2025,3200.83,Credit,UPI
727,183,15-06-2025,2839.13,Debit,Online
728,166,10-04-2023,6827.84,Debit,UPI
729,31,13-06-2025,4682.2,Debit,Branch
730,307,28-05-2025,4921.02,Credit,Online
731,327,07-03-2025,6490.96,Credit,Branch
732,174,23-11-2024,8601.27,Credit,Online
733,213,07-12-2023,2706.02,Credit,ATM
734,286,26-11-2023,8931.84,Credit,UPI
735,181,29-10-2018,7715.08,Credit,ATM
736,220,19-02-2025,5560.78,Debit,Online
737,338,05-10-2024,3721.6,Credit,Branch
738,280,04-08-2024,1425.42,Credit,UPI
739,95,24-03-2023,3702.27,Credit,Online
740,97,18-03-2024,8495.02,Credit,Online
741,121,02-01-2025,4517.58,Credit,Online
742,171,21-09-2025,7385.61,Debit,Branch
743,47,24-04-2025,500.16,Debit,Online
744,46,22-09-2025,722.33,Debit,Online
745,18,08-09-2025,523.8,Credit,Branch
746,94,28-09-2025,3942.12,Debit,ATM
747,171,06-03-2025,495.06,Debit,ATM
748,16,11-11-2021,7066.99,Debit,Branch
749,94,04-10-2025,5828.45,Credit,UPI
750,27,29-07-2021,6571.39,Debit,ATM
751,7,30-05-2025,5214.96,Debit,Online
752,202,05-04-2025,5212.08,Debit,Branch
753,17,14-01-2021,4919.93,Debit,ATM
754,355,28-06-2022,5068.19,Credit,UPI
755,374,31-03-2024,1739.5,Credit,Branch
756,153,20-08-2023,2194.02,Credit,Online
757,314,12-12-2024,3686.01,Credit,Online
758,46,08-10-2025,4204.68,Debit,ATM
759,332,27-03-2025,4867.01,Debit,UPI
760,315,17-02-2025,2185.97,Credit,UPI
761,202,21-05-2025,322.22,Credit,Online
762,308,11-07-2021,5777.52,Credit,Online
763,89,30-11-2021,6332.45,Credit,Online
764,30,11-01-2023,653.53,Debit,Online
765,87,02-08-2025,5214.74,Debit,ATM
766,7,22-05-2025,8797.24,Debit,ATM
767,169,19-09-2025,2244.27,Debit,UPI
768,208,16-03-2025,1788.61,Debit,Online
769,370,10-09-2025,7966.7,Credit,Branch
770,387,24-06-2025,1760.44,Debit,UPI
771,87,04-10-2025,6005.68,Credit,Online
772,249,12-12-2023,3844.29,Credit,ATM
773,47,13-03-2025,263.97,Debit,Online
774,291,06-10-2025,6094.56,Credit,UPI
775,346,21-06-2024,9025.92,Credit,ATM
776,67,10-08-2022,1022.58,Credit,ATM
777,286,18-11-2023,8979.99,Debit,UPI
778,220,07-09-2025,3766.74,Credit,UPI
779,352,14-07-2025,2371.91,Debit,UPI
780,104,17-10-2024,3570.13,Credit,UPI
781,318,18-11-2024,1425.44,Debit,Online
782,347,05-02-2025,9109.85,Credit,Branch
783,214,17-03-2025,6023.09,Debit,Branch
784,380,29-10-2024,1971.31,Credit,ATM
785,396,06-01-2024,5245.64,Debit,Online
786,364,26-10-2023,6908.89,Debit,UPI
787,124,17-09-2025,3686.47,Credit,UPI
788,68,23-06-2025,6550.6,Debit,Branch
789,68,21-11-2024,8564.27,Debit,Branch
790,327,06-02-2025,6157.62,Debit,Online
791,190,24-09-2024,4190.96,Debit,Online
792,362,28-10-2023,3765.11,Debit,Branch
793,389,24-04-2025,9886.23,Debit,UPI
794,228,02-07-2025,7384.25,Credit,Online
795,138,10-09-2024,4521.29,Credit,ATM
796,385,28-10-2024,2223.14,Debit,Branch
797,170,14-08-2025,8028.45,Credit,Online
798,47,02-03-2025,3952.13,Credit,ATM
799,261,12-04-2023,8250.23,Debit,UPI
800,17,26-10-2022,972.59,Debit,Online
801,35,04-10-2024,3771.27,Credit,UPI
802,15,06-05-2024,9313.78,Debit,Branch
803,251,24-06-2025,7144.9,Credit,Online
804,301,05-10-2025,6438.88,Debit,ATM
805,298,06-04-2024,2096.9,Debit,Online
806,143,13-09-2025,432.73,Credit,Online
807,118,11-04-2025,6772.84,Debit,Online
808,145,26-11-2024,6584.69,Credit,ATM
809,260,26-07-2025,9968.49,Debit,Branch
810,42,26-11-2024,6729.65,Debit,Online
811,119,01-04-2022,5225.65,Credit,ATM
812,176,02-06-2025,5540.97,Debit,Branch
813,141,11-04-2022,9636.55,Debit,Online
814,139,02-11-2023,6103,Credit,UPI
815,209,06-09-2020,9304.17,Credit,Branch
816,48,30-03-2024,1832.84,Credit,ATM
817,308,15-02-2023,5081.37,Debit,ATM
818,343,22-04-2019,8049.13,Debit,Branch
819,307,29-09-2024,6972.5,Debit,UPI
820,195,12-10-2025,7722.68,Debit,UPI
821,352,13-02-2025,6847.79,Credit,UPI
822,235,22-09-2025,1251.06,Credit,UPI
823,196,30-05-2024,6373.25,Credit,Online
824,30,01-07-2024,8021.6,Debit,Branch
825,7,12-12-2023,5213.39,Credit,Branch
826,362,27-06-2023,2557.75,Credit,UPI
827,88,26-08-2024,6769.61,Debit,ATM
828,161,06-12-2023,5590.06,Credit,UPI
829,208,20-12-2024,3207.34,Credit,Branch
830,248,02-08-2025,1909.57,Credit,UPI
831,298,13-03-2023,7397.41,Credit,Online
832,25,30-05-2022,8740.15,Credit,Online
833,48,26-10-2024,2107.39,Credit,Branch
834,386,23-01-2023,1644.36,Credit,ATM
835,41,30-07-2025,9209.86,Debit,ATM
836,79,07-04-2025,7666.02,Credit,UPI
837,311,22-08-2025,3774.85,Debit,UPI
838,308,16-09-2022,8991.4,Debit,UPI
839,189,30-07-2023,1910.43,Debit,UPI
840,27,19-12-2022,2298.72,Credit,ATM
841,402,02-08-2023,5304.78,Debit,UPI
842,119,25-07-2023,9402.58,Credit,Branch
843,129,10-05-2023,3997.8,Credit,UPI
844,14,16-03-2022,9767.42,Debit,Branch
845,239,01-10-2025,6923.18,Credit,Online
846,26,04-01-2023,3856.34,Credit,Branch
847,17,22-03-2022,3679.86,Debit,Online
848,398,11-10-2025,5530.78,Credit,Branch
849,3,17-01-2025,4766.32,Debit,Branch
850,334,22-07-2025,1920.75,Debit,Online
851,334,20-03-2025,4249.02,Debit,Branch
852,67,09-02-2023,8557.83,Debit,UPI
853,125,07-04-2020,1880.9,Credit,Online
854,336,22-09-2024,8160.49,Debit,Online
855,74,21-06-2025,5597.87,Debit,Online
856,398,11-10-2025,1543.85,Credit,UPI
857,405,21-05-2024,8076.12,Credit,UPI
858,9,07-05-2025,5046.02,Debit,UPI
859,338,16-05-2025,3070.34,Credit,UPI
860,120,13-03-2021,1079.85,Credit,ATM
861,107,27-01-2020,2233.13,Debit,UPI
862,109,04-02-2025,8405.82,Credit,UPI
863,120,28-09-2022,7471.47,Debit,Branch
864,281,09-07-2025,3667.04,Debit,Branch
865,35,26-04-2025,296.37,Credit,Branch
866,55,09-10-2025,8686.95,Credit,Online
867,242,03-10-2024,9795.79,Debit,Branch
868,233,04-10-2025,3318.39,Debit,UPI
869,149,13-08-2025,8907.36,Debit,Branch
870,259,25-11-2024,4691.15,Credit,Online
871,160,02-08-2022,6441.75,Debit,UPI
872,367,25-09-2025,6349.61,Debit,ATM
873,303,15-03-2025,883.21,Debit,Online
874,273,16-03-2024,3203.47,Debit,Branch
875,44,03-02-2024,6093.31,Debit,Branch
876,116,16-05-2022,8888.15,Debit,UPI
877,109,10-03-2025,4198.49,Credit,ATM
878,325,10-07-2025,1337.9,Credit,Branch
879,79,13-09-2025,9410.33,Credit,Online
880,53,03-02-2025,1752.41,Credit,ATM
881,307,01-03-2023,731.54,Debit,ATM
882,36,18-09-2025,361.01,Debit,ATM
883,37,25-07-2022,1128.89,Credit,ATM
884,289,12-09-2025,6582.84,Debit,Branch
885,394,13-03-2025,2370.62,Debit,UPI
886,200,22-01-2024,6302.16,Credit,Online
887,334,31-12-2023,382.86,Debit,Branch
888,108,13-08-2023,8655.99,Debit,Branch
889,200,02-04-2024,5530.6,Credit,Online
890,108,17-03-2022,5949.23,Debit,UPI
891,400,11-09-2025,5282.25,Debit,Branch
892,49,04-02-2025,4868.35,Credit,ATM
893,280,15-09-2024,4474.42,Debit,UPI
894,342,21-01-2025,2672.09,Debit,ATM
895,178,05-10-2025,100.91,Credit,Branch
896,264,10-08-2024,2938.95,Credit,UPI
897,89,12-08-2024,9474.88,Debit,Branch
898,317,03-09-2025,190.41,Debit,Branch
899,201,08-02-2025,6010.34,Credit,Branch
900,74,24-05-2023,1966.85,Debit,UPI
901,295,23-10-2024,2573.97,Debit,UPI
902,224,23-09-2025,2283.87,Credit,UPI
903,204,03-09-2025,6290.7,Debit,Branch
904,345,12-10-2025,6519.72,Debit,UPI
905,23,09-10-2025,1961.21,Credit,Online
906,78,28-06-2025,1452.58,Credit,UPI
907,188,08-08-2024,6215.52,Debit,UPI
908,6,12-10-2025,1959.12,Credit,Online
909,329,18-08-2025,591.36,Credit,Online
910,207,29-04-2025,9726.09,Debit,Branch
911,365,03-04-2022,1337.89,Debit,ATM
912,195,12-10-2025,2404.82,Credit,ATM
913,250,05-10-2025,4986.44,Debit,UPI
914,231,09-05-2024,3184.61,Debit,Branch
915,304,03-06-2025,4690.48,Credit,Branch
916,180,11-08-2025,894.21,Credit,ATM
917,386,12-07-2022,2738.39,Debit,ATM
918,24,10-12-2016,5477.6,Credit,Online
919,399,23-09-2025,8967.42,Debit,UPI
920,16,10-07-2023,8299.7,Credit,Online
921,116,07-09-2025,3909.5,Debit,Online
922,84,07-07-2025,7402.43,Credit,Online
923,100,02-08-2025,4662.26,Credit,Online
924,189,17-07-2022,4780.97,Debit,Branch
925,267,14-02-2025,1670.25,Credit,ATM
926,110,07-01-2025,2607.8,Debit,Online
927,88,31-03-2024,3668.22,Credit,Online
928,173,22-01-2018,9735.41,Credit,UPI
929,43,01-10-2025,3312.68,Credit,Branch
930,328,14-05-2024,5888.5,Debit,Online
931,244,23-09-2025,188.41,Credit,UPI
932,70,11-12-2019,6915.22,Credit,Branch
933,17,04-07-2022,7730.89,Credit,Online
934,82,02-06-2025,5049.2,Debit,ATM
935,278,06-08-2025,691.77,Credit,ATM
936,176,28-05-2025,1345.69,Credit,Branch
937,292,24-01-2025,9818.59,Debit,UPI
938,62,10-04-2025,7358.57,Credit,UPI
939,84,03-08-2025,3645.86,Credit,Branch
940,176,25-10-2024,8996.76,Debit,UPI
941,313,06-09-2025,5634.35,Debit,Online
942,223,16-08-2025,5710.35,Debit,Branch
943,241,09-11-2024,7350.78,Debit,Online
944,320,01-08-2025,781.88,Credit,UPI
945,279,17-08-2025,3027.16,Debit,Branch
946,95,20-12-2022,4595.38,Debit,Online
947,44,27-08-2023,8841.03,Debit,Online
948,332,28-08-2025,3274.87,Credit,UPI
949,107,14-05-2022,1979.71,Debit,Online
950,341,02-09-2025,6169.09,Debit,UPI
951,279,01-09-2025,6444.95,Credit,ATM
952,124,28-08-2025,5279.69,Credit,ATM
953,178,08-10-2025,8368.41,Credit,Online
954,49,16-05-2025,8747.58,Credit,ATM
955,170,27-09-2025,4905.17,Credit,ATM
956,267,10-10-2024,5753.02,Debit,UPI
957,4,29-09-2025,5305.63,Debit,ATM
958,317,07-09-2025,3726.9,Credit,ATM
959,115,24-01-2024,9309.09,Credit,UPI
960,36,15-07-2025,9291.2,Credit,UPI
961,251,24-09-2024,8030.1,Credit,Branch
962,369,10-06-2023,5624.4,Debit,Branch
963,361,14-07-2024,7963.07,Credit,Branch
964,70,16-08-2020,5337.31,Credit,Branch
965,64,31-05-2024,871.56,Credit,ATM
966,43,07-10-2025,1102.13,Credit,UPI
967,311,06-10-2025,1975.66,Credit,Online
968,365,07-05-2024,5628.39,Debit,ATM
969,275,02-06-2025,7686.21,Debit,UPI
970,270,18-09-2025,7055.25,Debit,ATM
971,151,03-12-2023,1751.41,Credit,UPI
972,20,17-03-2022,5096.46,Credit,UPI
973,137,29-08-2025,9341.85,Debit,Branch
974,190,07-08-2024,8464.05,Debit,UPI
975,215,12-10-2025,8278.93,Debit,Online
976,192,19-05-2025,5675.13,Credit,UPI
977,156,15-07-2025,7680.51,Debit,Branch
978,166,16-01-2025,9620.35,Debit,UPI
979,396,09-05-2025,101.94,Credit,Branch
980,381,22-09-2024,5998.05,Credit,Branch
981,17,08-08-2020,165.03,Credit,Online
982,108,08-08-2025,8571.63,Credit,Branch
983,328,21-06-2024,9199.21,Credit,ATM
984,265,05-10-2024,473.59,Debit,Online
985,148,27-01-2024,1470.24,Debit,Online
986,247,19-10-2024,2406.64,Debit,ATM
987,334,26-11-2023,5747.82,Credit,ATM
988,235,11-10-2025,7263.45,Debit,Online
989,35,05-07-2024,4933.94,Credit,Branch
990,216,20-09-2025,469.98,Debit,ATM
991,375,28-01-2025,7823.21,Debit,Branch
992,386,17-04-2019,8809.95,Debit,UPI
993,184,02-07-2023,9309.44,Credit,Online
994,237,20-06-2025,7502.02,Credit,UPI
995,72,01-03-2025,635.87,Credit,Branch
996,315,11-10-2024,5445.3,Credit,Branch
997,187,12-03-2023,5073.78,Credit,Online
998,279,13-09-2025,600.15,Debit,UPI
999,390,16-01-2024,7553.12,Credit,Online
1000,379,10-03-2025,4376.16,Debit,Online
